Test Type,Thread Count,Global Execution Time,Thread 1 Time,Thread 2 Time,Thread 3 Time,Thread 4 Time,Thread 5 Time,Thread 6 Time,Thread 7 Time,Thread 8 Time,Thread 9 Time,Thread 10 Time,Thread 11 Time,Thread 12 Time,Thread 13 Time,Thread 14 Time,Thread 15 Time,Thread 16 Time,Thread 17 Time,Thread 18 Time,Thread 19 Time,Thread 20 Time,Thread 21 Time,Thread 22 Time,Thread 23 Time,Thread 24 Time,Thread 25 Time,Thread 26 Time,Thread 27 Time,Thread 28 Time,Thread 29 Time,Thread 30 Time,Thread 31 Time,Thread 32 Time,Thread 33 Time,Thread 34 Time,Thread 35 Time,Thread 36 Time,Thread 37 Time,Thread 38 Time,Thread 39 Time,Thread 40 Time,Thread 41 Time,Thread 42 Time,Thread 43 Time,Thread 44 Time,Thread 45 Time,Thread 46 Time,Thread 47 Time,Thread 48 Time,Thread 49 Time,Thread 50 Time,Thread 51 Time,Thread 52 Time,Thread 53 Time,Thread 54 Time,Thread 55 Time,Thread 56 Time,Thread 57 Time,Thread 58 Time,Thread 59 Time,Thread 60 Time,Thread 61 Time,Thread 62 Time,Thread 63 Time,Thread 64 Time,Thread 65 Time,Thread 66 Time,Thread 67 Time,Thread 68 Time,Thread 69 Time,Thread 70 Time,Thread 71 Time,Thread 72 Time,Thread 73 Time,Thread 74 Time,Thread 75 Time,Thread 76 Time,Thread 77 Time,Thread 78 Time,Thread 79 Time,Thread 80 Time,Thread 81 Time,Thread 82 Time,Thread 83 Time,Thread 84 Time,Thread 85 Time,Thread 86 Time,Thread 87 Time,Thread 88 Time,Thread 89 Time,Thread 90 Time,Thread 91 Time,Thread 92 Time,Thread 93 Time,Thread 94 Time,Thread 95 Time,Thread 96 Time,Thread 97 Time,Thread 98 Time,Thread 99 Time,Thread 100 Time,Thread 101 Time,Thread 102 Time,Thread 103 Time,Thread 104 Time,Thread 105 Time,Thread 106 Time,Thread 107 Time,Thread 108 Time,Thread 109 Time,Thread 110 Time,Thread 111 Time,Thread 112 Time,Thread 113 Time,Thread 114 Time,Thread 115 Time,Thread 116 Time,Thread 117 Time,Thread 118 Time,Thread 119 Time,Thread 120 Time,Thread 121 Time,Thread 122 Time,Thread 123 Time,Thread 124 Time,Thread 125 Time,Thread 126 Time,Thread 127 Time,Thread 128 Time,Thread 129 Time,Thread 130 Time,Thread 131 Time,Thread 132 Time,Thread 133 Time,Thread 134 Time,Thread 135 Time,Thread 136 Time,Thread 137 Time,Thread 138 Time,Thread 139 Time,Thread 140 Time,Thread 141 Time,Thread 142 Time,Thread 143 Time,Thread 144 Time,Thread 145 Time,Thread 146 Time,Thread 147 Time,Thread 148 Time,Thread 149 Time,Thread 150 Time
QuickSort,1,2,1
MergeSort,1,1,1
BubbleSort,1,51,53
Memory,1,3,1
QuickSort,2,2,2,2
MergeSort,2,2,2,2
BubbleSort,2,58,56,57
Memory,2,4,3,3
QuickSort,3,3,3,3,3
MergeSort,3,4,3,3,3
BubbleSort,3,60,60,60,60
Memory,3,5,5,5,5
QuickSort,4,4,5,4,5,5
MergeSort,4,5,5,5,5,5
BubbleSort,4,62,61,62,62,62
Memory,4,10,9,9,9,9
QuickSort,5,6,2,6,6,6,6
MergeSort,5,6,3,6,6,6,6
BubbleSort,5,74,69,69,71,71,73
Memory,5,8,4,5,5,5,5
QuickSort,6,9,6,6,10,10,10,10
MergeSort,6,9,5,6,10,10,10,9
BubbleSort,6,81,71,76,76,75,79,81
Memory,6,13,7,8,8,11,11,11
QuickSort,7,13,10,11,12,12,13,13,13
MergeSort,7,16,20,20,20,20,20,20,20
BubbleSort,7,92,84,87,88,89,90,91,94
Memory,7,19,12,18,18,19,19,19,19
QuickSort,8,22,21,22,22,23,23,23,23,23
MergeSort,8,22,22,22,23,23,23,23,22,23
BubbleSort,8,107,100,100,101,102,102,104,105,109
Memory,8,15,4,14,14,14,15,15,15,15
QuickSort,9,25,22,23,24,25,25,25,25,16,26
MergeSort,9,24,22,22,23,23,24,24,24,24,14
BubbleSort,9,120,90,106,108,110,111,111,116,118,120
Memory,9,39,39,41,42,42,42,43,44,43,44
QuickSort,10,25,21,23,25,25,25,25,26,6,27,20
MergeSort,10,27,22,23,24,25,26,27,27,27,7,18
BubbleSort,10,129,93,116,120,122,123,125,116,127,129,130
Memory,10,49,39,40,40,39,39,39,39,39,39,39
QuickSort,11,28,22,25,25,26,28,28,28,28,11,22,4
MergeSort,11,29,23,23,24,25,27,29,29,8,29,23,6
BubbleSort,11,140,116,97,109,130,131,133,133,134,130,141,142
Memory,11,55,51,50,50,50,49,51,50,51,50,52,51
QuickSort,12,30,22,22,23,23,23,27,28,5,29,19,7,9
MergeSort,12,31,22,23,27,29,27,30,30,31,12,11,21,11
BubbleSort,12,154,82,101,108,119,139,142,143,147,148,148,149,151
Memory,12,50,28,36,37,36,42,42,42,42,36,42,36,36
QuickSort,13,31,21,21,22,23,25,26,27,16,5,29,9,7,3
MergeSort,13,31,22,23,23,25,17,27,28,28,9,30,5,7,4
BubbleSort,13,163,108,119,123,125,149,151,151,153,154,148,158,158,160
Memory,13,57,25,24,36,36,36,34,33,36,35,36,34,33,36
QuickSort,14,39,18,23,29,32,36,36,22,23,33,43,43,21,23,14
MergeSort,14,43,25,26,29,41,42,42,42,22,42,18,22,43,21,18
BubbleSort,14,181,98,129,137,130,167,169,169,150,171,163,175,175,178,181
Memory,14,37,24,43,43,42,42,43,39,43,43,44,43,43,40,43
QuickSort,15,51,24,42,44,45,36,48,48,29,50,31,31,31,27,21,52
MergeSort,15,53,28,37,28,29,50,51,51,51,51,25,33,53,23,31,23
BubbleSort,15,197,109,171,145,149,163,164,174,186,190,171,193,193,194,195,198
Memory,15,38,35,36,36,36,36,36,33,37,34,34,37,37,34,34,33
QuickSort,16,52,28,29,30,20,43,16,48,48,50,42,33,33,24,25,54,24
MergeSort,16,57,30,30,42,42,29,49,50,50,22,25,56,56,37,37,37,17
BubbleSort,16,208,127,152,160,152,184,155,186,167,168,189,159,190,192,196,196,200
Memory,16,41,24,34,33,34,34,34,34,33,33,34,34,34,33,34,33,34
QuickSort,17,58,29,30,31,48,29,53,58,58,58,28,30,39,39,60,31,32,30
MergeSort,17,59,29,50,51,55,46,37,48,59,39,59,49,39,59,59,59,29,49
BubbleSort,17,223,201,190,212,193,203,206,192,218,207,209,198,220,222,201,224,226,227
Memory,17,47,30,34,35,36,37,36,37,36,36,37,37,36,36,36,37,36,35
QuickSort,18,63,28,27,53,54,59,59,49,40,40,31,61,62,42,25,36,36,25,23
MergeSort,18,62,27,52,40,42,43,34,34,56,37,61,62,33,62,62,62,62,60,32
BubbleSort,18,237,204,176,213,194,214,201,202,222,223,195,215,226,227,218,221,231,233,214
Memory,18,45,48,48,48,48,48,49,48,49,49,49,49,54,55,55,54,55,55,54
QuickSort,19,59,24,25,31,55,56,56,35,56,37,34,30,50,61,41,31,32,27,37,22
MergeSort,19,60,24,32,49,53,55,57,57,58,49,49,28,39,28,36,39,36,25,27,30
BubbleSort,19,233,170,219,224,199,200,191,232,223,193,223,237,208,230,242,242,232,213,244,246
Memory,19,53,54,54,54,54,65,69,66,64,65,70,70,70,70,71,67,71,71,65,71
QuickSort,20,72,25,53,56,46,57,52,52,63,34,45,37,67,39,50,52,42,72,72,72,62
MergeSort,20,70,22,26,27,27,28,31,31,35,23,21,44,30,26,26,11,12,10,39,23,40
BubbleSort,20,254,250,250,251,230,243,243,247,246,256,226,227,238,260,239,229,239,262,262,231,262
Memory,20,78,50,52,55,52,71,78,79,79,81,79,78,78,78,77,78,78,77,78,78,79
QuickSort,21,71,25,26,54,54,31,41,30,69,48,59,45,49,30,43,73,40,30,74,71,41,26
MergeSort,21,73,68,60,70,60,70,60,70,51,71,51,51,72,62,42,52,32,42,72,43,73,43
BubbleSort,21,290,281,288,289,270,251,262,293,263,284,295,285,296,286,267,279,270,300,300,291,283,283
Memory,21,120,61,61,61,58,61,61,62,61,59,43,43,61,61,69,68,50,67,68,67,67,66
QuickSort,22,76,26,30,38,63,63,65,65,52,43,44,37,76,58,69,31,49,50,60,39,40,40,29
MergeSort,22,76,22,67,58,48,38,59,59,40,62,71,73,52,53,43,74,54,75,75,75,76,35,35
BubbleSort,22,282,142,118,150,145,160,162,178,185,189,200,158,206,129,155,118,94,87,99,100,90,96,104
Memory,22,65,49,57,63,62,64,61,68,68,82,78,77,78,83,83,83,77,82,77,79,77,82,79
QuickSort,23,78,28,35,50,60,46,71,56,76,28,48,44,80,70,52,31,51,83,63,55,33,32,42,45
MergeSort,23,80,68,59,60,52,75,76,67,78,78,58,58,78,78,48,69,79,59,49,38,49,48,39,38
BubbleSort,23,295,203,200,200,224,216,205,234,240,233,255,247,259,271,283,283,263,284,242,287,287,287,289,291
Memory,23,71,38,38,46,49,49,49,47,45,42,45,48,44,46,54,51,54,51,54,51,54,54,53,52
QuickSort,24,74,22,28,19,49,31,28,54,18,15,70,71,44,75,26,66,56,76,28,55,30,46,49,25,30
MergeSort,24,80,23,26,51,44,66,70,71,73,74,34,75,46,46,37,77,77,42,58,48,69,59,69,49,59
BubbleSort,24,309,190,229,216,218,230,212,212,222,224,214,205,245,277,247,249,269,281,281,284,284,265,265,288,289
Memory,24,64,47,48,68,70,70,70,68,70,71,70,69,71,71,71,70,69,80,80,81,81,81,80,81,81
QuickSort,25,82,12,20,48,36,59,65,52,43,45,64,68,44,55,67,80,57,59,39,81,52,83,83,71,41,51
MergeSort,25,82,52,64,66,45,57,51,70,32,66,68,35,36,78,79,60,80,80,51,43,61,48,52,82,42,54
BubbleSort,25,319,262,252,303,307,308,287,298,273,294,274,276,306,306,289,320,319,299,291,311,321,322,293,302,292,324
Memory,25,61,37,37,37,50,51,51,51,45,51,47,51,52,46,52,51,51,60,54,54,55,54,53,59,53,53
QuickSort,26,85,49,52,53,48,48,76,56,36,79,38,80,58,81,61,51,81,81,72,42,62,40,43,53,43,53,51
MergeSort,26,81,24,51,66,45,76,58,80,70,52,62,33,73,33,83,83,43,83,84,84,54,64,54,44,44,74,44
BubbleSort,26,319,131,112,144,146,148,112,167,169,191,194,194,167,161,144,132,121,134,137,120,158,124,138,132,142,138,145
Memory,26,70,60,61,60,68,68,64,69,69,64,68,65,69,77,73,73,74,78,78,74,78,77,76,76,77,76,81
QuickSort,27,88,73,75,77,71,63,67,78,67,35,41,35,36,83,83,62,86,60,62,70,56,57,67,51,54,89,48,35
MergeSort,27,86,26,27,29,30,27,29,58,79,80,82,60,55,82,50,73,54,36,34,46,83,29,33,32,26,28,26,42
BubbleSort,27,329,260,275,249,307,258,266,278,299,302,266,300,289,269,330,332,333,306,337,322,340,290,341,341,311,304,300,348
Memory,27,70,41,55,54,56,55,60,60,57,61,60,60,57,56,60,60,57,56,64,58,59,63,60,59,60,64,60,59
QuickSort,28,97,39,56,76,81,82,81,83,54,86,86,78,60,43,43,74,54,94,55,76,57,67,98,48,79,59,78,70,49
MergeSort,28,96,27,27,35,37,74,65,58,69,52,85,59,46,39,60,61,88,88,42,55,42,47,61,38,50,58,60,50,49
BubbleSort,28,378,309,342,347,307,299,342,354,335,357,348,319,350,331,362,353,345,336,316,367,348,369,369,320,340,320,332,353,334
Memory,28,86,76,76,77,77,84,81,81,86,86,87,88,87,90,86,91,89,90,90,89,92,91,90,90,90,91,89,90,91
QuickSort,29,83,21,24,26,48,39,61,43,45,43,38,60,71,73,43,33,74,51,34,54,46,27,38,31,21,31,31,14,14,15
MergeSort,29,80,23,24,24,26,17,25,30,74,54,75,76,47,58,36,25,34,51,48,14,15,79,49,29,56,26,26,29,52,25
BubbleSort,29,347,329,335,337,330,323,334,315,353,313,294,308,319,360,350,337,331,333,324,366,344,316,367,316,327,347,358,372,342,322
Memory,29,80,41,42,53,52,53,53,53,53,83,83,82,83,82,83,82,84,82,82,82,82,82,82,83,81,83,83,82,82,82
QuickSort,30,100,50,52,21,56,67,70,51,82,29,63,54,44,85,91,91,82,52,43,84,54,75,95,65,97,45,45,68,78,49,59
MergeSort,30,97,10,20,24,17,42,23,47,69,26,60,34,51,76,62,29,90,33,43,94,35,65,52,56,54,57,58,45,78,28,45
BubbleSort,30,379,302,277,278,283,308,286,341,341,345,327,308,311,323,324,324,327,353,320,364,364,334,334,365,356,366,347,347,368,359,352
Memory,30,66,57,62,62,63,63,63,64,64,64,64,63,54,54,63,54,63,63,64,55,65,65,64,65,64,55,55,65,65,65,56
QuickSort,31,110,32,61,62,26,73,82,66,80,33,69,71,74,64,52,73,38,58,48,58,27,28,48,48,22,91,85,89,111,111,111,109
MergeSort,31,104,48,74,96,67,49,49,101,102,66,96,48,106,106,87,67,66,77,97,59,107,107,108,50,60,50,88,50,98,78,78,88
BubbleSort,31,408,314,347,297,341,297,346,356,336,340,332,319,330,382,363,384,385,334,385,356,387,388,368,362,353,389,350,351,347,348,368,343
Memory,31,69,61,62,66,66,67,67,66,67,66,66,67,67,68,66,57,67,67,67,68,67,67,68,58,68,58,58,59,59,58,58,59
QuickSort,32,91,22,22,23,23,24,25,25,25,22,23,46,29,25,25,26,26,26,22,21,25,21,26,22,26,30,21,15,18,20,12,19,12
MergeSort,32,94,62,58,53,45,55,43,86,66,96,53,57,57,47,87,97,47,67,77,87,98,78,88,38,78,98,98,38,48,98,99,49,59
BubbleSort,32,398,354,340,338,339,336,377,347,382,387,368,378,329,392,352,366,388,399,349,369,339,381,363,363,353,406,385,357,357,390,410,400,403
Memory,32,68,59,59,60,64,64,65,65,58,65,66,59,67,67,67,60,59,58,60,67,67,58,59,60,60,68,60,60,60,59,58,59,59
QuickSort,33,128,90,101,106,83,70,94,94,113,71,124,72,126,116,63,95,107,117,85,97,74,97,74,117,128,128,128,86,86,96,96,109,99,66
MergeSort,33,126,37,40,100,46,46,78,109,79,111,111,52,82,102,103,103,95,65,76,119,120,79,81,101,61,102,82,123,92,58,113,52,72,123
BubbleSort,33,444,382,381,397,397,361,342,409,351,361,394,397,387,390,372,393,394,425,366,426,386,406,367,378,428,389,430,370,411,392,423,423,385,426
Memory,33,71,60,54,61,61,62,56,63,62,64,57,64,57,58,58,57,58,57,58,58,59,57,59,58,65,68,67,66,67,66,67,66,67,67
QuickSort,34,128,81,91,106,110,115,46,86,67,50,109,111,122,80,91,70,81,122,122,112,101,92,63,104,93,76,126,105,76,86,106,86,65,66,66
MergeSort,34,130,29,98,91,102,94,116,117,108,88,120,90,121,124,125,85,86,77,96,67,127,88,117,59,69,108,69,98,88,69,108,79,79,80,80
BubbleSort,34,469,368,349,358,348,365,379,380,371,373,437,417,408,438,380,390,440,391,371,441,441,432,392,442,373,443,433,443,424,414,426,426,417,418,449
Memory,34,75,51,53,54,55,55,56,55,56,57,57,55,57,71,71,60,70,71,71,72,61,72,60,72,61,71,71,61,71,60,61,60,60,60,61
QuickSort,35,134,40,69,79,55,92,103,94,69,32,34,96,56,126,127,77,87,97,128,98,89,100,120,120,50,71,92,62,82,132,62,93,53,63,43,43
MergeSort,35,127,23,29,19,45,76,98,104,82,105,94,78,68,70,71,94,106,88,109,79,65,45,46,77,46,67,67,81,60,71,61,62,61,41,51,41
BubbleSort,35,465,379,405,402,426,391,433,404,418,378,421,411,434,446,447,416,436,447,388,378,440,450,411,392,392,453,413,414,450,406,386,388,408,411,431,413
Memory,35,78,49,49,49,58,57,59,59,65,66,66,65,70,72,72,72,72,60,61,73,73,71,61,73,73,72,60,77,66,64,66,77,77,66,65,77
QuickSort,36,139,74,106,96,125,129,110,112,63,123,94,135,65,96,107,97,107,78,139,119,129,109,118,108,139,129,139,89,89,79,79,69,89,79,89,69,99
MergeSort,36,136,80,123,83,113,124,124,104,124,124,115,85,86,79,71,121,82,72,112,132,82,82,102,113,133,123,93,103,73,63,104,74,64,104,114,64,64
BubbleSort,36,490,389,393,388,389,451,442,453,454,397,458,449,462,464,446,467,416,458,448,438,407,440,423,433,404,405,435,405,435,457,406,457,479,469,450,449,443
Memory,36,102,46,56,57,57,63,65,71,71,77,77,79,69,79,79,79,79,79,78,69,67,67,79,80,84,83,73,73,84,73,74,72,84,73,75,72,72
QuickSort,37,132,37,61,73,69,57,86,28,28,30,74,66,48,128,88,128,119,69,89,49,50,100,130,92,70,70,40,93,111,81,131,81,101,101,42,112,32,32
MergeSort,37,135,28,31,50,30,80,85,81,61,105,76,75,77,56,80,97,130,131,102,102,104,31,42,42,62,42,62,133,123,42,113,133,133,52,52,93,53,134
BubbleSort,37,442,299,303,302,314,297,309,332,338,359,332,344,324,326,359,399,349,349,388,369,380,411,377,355,378,337,386,420,421,405,422,423,404,401,426,412,429,419
Memory,37,95,57,57,58,70,70,71,71,70,71,70,68,72,78,78,80,79,79,79,78,79,79,79,84,83,83,82,85,84,82,83,85,83,84,85,85,85,71
QuickSort,38,137,30,89,29,79,119,69,69,68,121,129,109,130,120,102,82,113,113,95,95,105,54,135,116,136,75,96,106,86,66,66,66,66,127,77,137,127,76,96
MergeSort,38,137,70,115,56,117,118,89,130,70,141,90,60,120,70,90,110,142,81,142,111,81,121,91,81,101,143,112,102,72,123,123,92,102,102,62,133,133,73,133
BubbleSort,38,501,396,406,439,451,416,396,421,401,413,470,412,404,406,426,409,480,411,452,483,485,456,486,437,478,438,469,431,461,423,432,474,485,475,485,467,478,499,501
Memory,38,86,41,42,42,58,60,60,61,61,73,74,61,73,73,73,62,74,75,75,75,73,74,75,73,74,75,75,80,68,71,72,81,60,70,60,69,69,60,60
QuickSort,39,112,63,66,59,78,44,88,104,94,54,105,86,95,36,87,86,68,48,28,58,109,48,58,80,80,110,80,80,69,100,69,89,39,49,91,50,40,60,40,30
MergeSort,39,104,22,31,32,35,26,58,51,61,65,38,68,62,33,36,44,38,25,16,50,16,17,47,18,51,30,72,73,60,30,18,20,16,23,19,25,21,5,20,14
BubbleSort,39,449,101,130,131,136,138,139,140,140,132,143,194,188,254,224,237,242,214,255,196,217,259,238,246,267,247,208,282,231,262,274,224,246,226,226,278,249,249,251,242
Memory,39,115,51,60,68,68,74,72,78,80,78,77,77,86,72,83,118,119,108,118,116,106,117,107,119,118,106,118,119,106,117,107,108,107,109,118,106,119,107,118,99
QuickSort,40,115,23,23,23,25,25,25,27,33,24,23,29,26,27,29,31,23,30,26,30,24,24,27,25,25,22,26,26,24,25,22,29,23,29,29,26,19,25,10,20,22
MergeSort,40,111,21,25,25,39,26,59,60,61,74,75,55,58,59,48,54,58,36,34,75,34,76,82,49,59,41,61,70,41,51,50,21,71,50,32,32,32,61,32,22,22
BubbleSort,40,507,395,431,431,430,394,470,433,425,438,419,447,490,482,414,425,497,418,488,499,479,480,470,470,419,491,501,462,503,473,433,504,503,453,445,445,425,436,496,447,457
Memory,40,95,58,59,60,59,61,76,75,76,80,76,80,80,80,80,81,78,77,77,76,76,76,77,67,77,88,88,77,92,88,90,76,77,78,88,78,88,77,77,71,77
QuickSort,41,137,49,29,71,20,63,100,85,52,63,35,107,27,60,70,83,113,109,120,104,63,63,53,121,85,74,137,138,128,98,112,108,78,105,115,119,139,67,105,109,89,68
MergeSort,41,137,44,49,30,83,68,29,102,49,112,102,112,103,43,63,76,66,118,98,59,79,70,60,91,44,94,47,48,118,108,59,132,95,85,136,108,58,68,98,138,139,59
BubbleSort,41,517,422,443,451,454,377,442,452,428,443,447,440,492,451,493,443,443,496,428,461,487,508,500,481,434,494,515,432,455,517,486,436,486,457,447,457,436,519,445,458,447,522
Memory,41,100,62,87,87,88,82,88,90,90,90,90,91,96,104,97,98,97,96,99,96,97,105,76,98,100,98,98,87,98,97,84,98,85,86,99,86,97,86,84,85,78,78
QuickSort,42,149,83,108,111,114,116,105,118,118,107,118,88,119,110,116,86,125,127,97,88,75,84,145,86,115,78,125,76,116,138,129,108,71,128,81,118,109,108,71,71,90,100,90
MergeSort,42,146,30,106,119,79,70,80,60,114,56,107,118,50,101,44,104,64,105,135,129,139,140,140,142,122,113,123,73,93,83,103,123,94,84,84,104,64,64,54,145,65,95,75
BubbleSort,42,480,453,454,407,458,450,456,467,507,458,446,491,430,524,453,446,436,509,504,515,529,452,534,521,488,476,489,457,538,478,538,488,528,508,539,469,459,469,479,490,480,503,538
Memory,42,223,90,109,111,111,125,126,125,127,121,127,117,123,127,128,114,123,109,129,136,136,136,130,134,135,129,126,131,129,124,124,136,126,124,128,133,126,137,141,130,140,137,142
QuickSort,43,142,75,47,89,61,20,41,108,30,108,84,104,104,117,60,112,90,54,105,106,87,101,91,92,103,73,83,84,85,79,77,70,61,71,61,119,142,105,95,143,126,143,143,72
MergeSort,43,136,20,26,70,72,54,26,75,46,24,73,62,91,115,117,108,46,50,109,123,103,75,85,117,127,81,121,92,111,132,71,71,93,95,107,76,53,105,73,63,84,63,77,105
BubbleSort,43,498,332,431,428,383,388,473,423,427,399,420,462,400,487,482,492,472,480,452,438,477,470,462,504,465,446,427,458,508,488,469,509,470,440,510,500,443,484,445,467,447,508,460,486
Memory,43,112,71,72,73,89,89,89,82,83,84,84,99,93,94,100,94,94,100,100,100,81,100,92,82,95,93,93,83,93,101,95,94,81,86,98,98,88,79,79,86,79,79,85,87
QuickSort,44,150,20,56,72,108,109,113,104,104,101,87,108,58,89,99,99,90,70,70,82,132,63,123,134,86,57,57,127,99,71,111,102,72,64,87,115,108,89,99,98,69,108,129,149,100
MergeSort,44,146,49,56,98,38,110,61,95,85,56,88,104,54,83,87,78,128,66,129,72,73,63,105,105,106,136,47,136,146,47,146,116,37,36,127,117,147,107,87,38,147,127,88,98,49
BubbleSort,44,514,131,131,136,138,138,139,134,114,128,159,191,247,146,111,247,304,270,263,259,308,283,233,230,315,223,271,236,308,292,300,249,303,243,282,267,308,268,243,281,320,259,292,293,325
Memory,44,151,59,72,87,96,96,96,97,89,80,97,101,103,102,102,103,103,102,103,103,103,88,96,103,104,87,88,104,97,97,104,110,103,110,102,95,110,110,96,111,95,96,111,96,103
QuickSort,45,151,33,37,38,26,41,41,75,80,71,17,54,37,22,19,20,30,80,111,21,92,43,72,35,84,100,28,91,45,147,55,84,35,36,42,150,27,151,141,98,56,141,119,50,71,71
MergeSort,45,139,43,34,56,77,97,105,61,116,117,34,35,106,110,114,65,77,67,147,107,76,128,108,88,88,88,88,98,58,78,68,68,129,110,141,121,61,151,101,141,80,72,132,152,112,102
BubbleSort,45,552,354,353,361,408,404,395,439,451,395,414,416,417,429,458,481,486,518,503,524,524,464,489,530,530,523,464,528,459,490,531,480,481,522,532,523,513,544,504,545,475,506,515,547,498,529
Memory,45,121,79,92,92,72,94,102,102,103,103,102,81,103,103,94,95,109,100,109,94,104,105,114,113,100,114,115,103,99,111,104,119,110,111,105,100,106,99,104,105,100,98,104,105,105,120
QuickSort,46,162,102,118,59,92,65,77,29,134,96,127,128,139,59,59,139,142,62,132,115,125,126,117,127,99,81,81,156,66,158,140,102,72,113,114,164,124,94,124,64,84,104,74,94,74,133,125
MergeSort,46,158,17,37,39,40,47,62,63,39,49,91,30,90,110,93,70,84,72,53,128,74,48,24,54,87,78,78,49,50,26,156,51,83,105,45,24,55,129,85,34,31,118,122,125,106,122,149
BubbleSort,46,583,475,514,484,532,533,534,527,511,562,533,565,503,498,550,521,523,513,543,577,514,569,504,569,579,532,511,492,543,493,585,544,533,547,588,507,530,510,530,521,581,582,513,513,554,507,534
Memory,46,119,64,64,72,72,78,78,79,78,80,89,89,88,89,96,96,95,95,82,96,89,89,83,97,117,116,118,123,129,138,123,117,130,124,117,130,118,118,139,125,125,119,120,131,124,107,124
QuickSort,47,136,23,27,23,77,16,16,72,17,27,69,61,117,97,122,102,71,125,72,84,116,94,119,56,56,129,81,108,57,78,59,105,99,113,50,133,105,50,86,71,71,124,51,71,134,86,71,91
MergeSort,47,130,23,52,94,87,122,71,82,72,125,64,44,64,86,55,126,45,126,75,45,116,106,46,66,107,99,119,130,109,109,131,100,69,100,131,90,90,80,79,120,79,60,80,60,40,40,60,40
BubbleSort,47,545,353,403,362,359,409,422,422,397,469,449,441,424,373,367,471,360,367,430,442,402,392,424,468,467,446,415,395,389,390,410,495,401,411,448,507,413,396,425,386,513,388,514,516,516,517,415,519
Memory,47,166,68,84,84,84,85,85,94,95,102,98,103,103,106,107,111,107,111,101,111,108,111,108,108,119,103,120,114,91,108,108,109,91,121,114,108,114,109,115,98,115,115,115,115,109,97,109,97
QuickSort,48,139,52,56,56,49,52,70,57,111,41,102,103,95,107,118,99,130,80,132,101,102,133,133,134,93,95,85,75,95,75,75,95,86,56,66,36,57,37,48,48,48,79,59,70,50,40,40,70,40
MergeSort,48,136,70,52,56,56,122,124,100,125,91,47,118,128,68,120,70,87,111,117,81,51,61,61,131,121,62,62,132,31,31,132,132,72,113,89,103,103,113,83,93,93,53,53,103,94,44,43,43,43
BubbleSort,48,557,521,532,522,533,518,552,552,561,487,505,551,507,497,518,515,534,517,582,502,483,569,494,589,506,508,559,547,509,566,588,598,545,552,556,581,554,604,529,606,531,531,573,577,513,544,556,519,519
Memory,48,183,100,108,119,119,122,119,121,125,125,130,126,137,137,136,137,131,132,113,137,133,126,114,138,133,135,147,143,135,142,146,134,135,134,146,123,142,110,135,110,142,124,144,135,123,124,142,123,110
QuickSort,49,172,44,101,132,79,123,127,118,86,120,140,108,131,78,102,83,84,158,77,162,162,109,164,111,155,102,73,156,73,136,137,114,168,148,169,127,129,174,111,91,133,135,132,82,175,72,92,82,72,92
MergeSort,49,169,52,64,132,59,113,113,135,145,125,146,146,149,150,90,152,111,143,92,134,155,105,115,98,120,57,81,68,78,162,123,70,114,116,146,158,88,119,76,99,89,139,76,99,66,86,110,100,90,100
BubbleSort,49,614,575,518,580,588,530,509,519,504,604,596,564,509,529,610,583,573,604,566,568,589,579,570,604,565,565,536,526,556,626,557,608,540,619,619,589,630,611,532,592,632,604,565,605,557,587,618,549,569,562
Memory,49,130,59,60,71,71,71,81,80,80,81,82,90,74,97,92,97,102,103,97,98,90,102,96,107,97,97,96,91,91,119,128,121,127,128,126,127,134,120,122,134,110,119,109,109,119,110,120,121,119,120
QuickSort,50,177,38,100,47,113,123,136,138,128,139,93,114,116,148,78,82,134,85,125,125,69,109,120,83,153,73,152,142,134,164,73,125,73,166,166,117,120,113,94,94,75,95,135,115,156,108,67,77,77,136,77
MergeSort,50,172,31,133,135,143,43,147,139,50,134,154,135,145,155,77,141,131,81,121,111,111,81,162,122,52,132,62,162,72,152,153,93,93,123,104,109,110,120,100,110,140,80,151,141,81,81,131,61,121,101,92
BubbleSort,50,601,501,557,540,615,618,595,585,594,604,614,528,527,619,526,619,524,545,534,530,539,556,555,549,599,532,581,558,543,542,553,502,569,630,609,629,560,632,592,633,633,573,549,612,584,555,533,533,552,551,557
Memory,50,122,69,70,78,79,80,94,102,107,106,107,97,102,98,104,101,101,107,107,110,112,108,103,111,106,100,100,117,116,100,100,106,107,117,100,111,111,105,105,110,105,117,111,105,100,105,105,100,104,105,105
